1	1 Introduction
34	2 Intelligent Agents
64	3 Solving Problems by Searching
120	4 Beyond Classical Search
161	5 Adversarial Search
202	6 Constraint Satisfaction Problems
234	7 Logical Agents
285	8 First-Order Logic
322	9 Inference in First-Order Logic
366	10 Classical Planning
401	11 Planning and Acting in the Real World
437	12 Knowledge Representation
480	13 Quantifying Uncertainty
510	14 Probabilistic Reasoning
566	15 Probabilistic Reasoning over Time
610	16 Making Simple Decisions
645	17 Making Complex Decisions
693	18 Learning from Examples
768	19 Knowledge in Learning
802	20 Learning Probabilistic Models
830	21 Reinforcement Learning
860	22 Natural Language Processing
888	23 Natural Language for Communication
928	24 Perception
971	25 Robotics
1020	26 Philosophical Foundations
1044	27 AI: The Present and Future
1053	Appendix A - Mathematical background
1060	Appendix B - Notes on Languages and Algorithms
1063	Bibliography